{"cameraMode":{"drawMode":0,"name":"Shaded","section":"Shading Mode"},"sceneLighting":true,"audioPlay":false,"sceneViewState":{"showFog":true,"showMaterialUpdate":false,"showSkybox":true,"showFlares":true,"showImageEffects":true,"showParticleSystems":true},"in2DMode":false,"pivot":{"x":-94.11105346679688,"y":-7.205507278442383,"z":68.16326141357422},"rotation":{"x":-0.08888759464025498,"y":0.9073832035064697,"z":-0.24411536753177644,"w":-0.3303973376750946},"size":306.3990173339844,"orthographic":false}