{"cameraMode":{"drawMode":0,"name":"Shaded","section":"Shading Mode"},"sceneLighting":true,"audioPlay":false,"sceneViewState":{"showFog":true,"showMaterialUpdate":false,"showSkybox":true,"showFlares":true,"showImageEffects":true,"showParticleSystems":true},"in2DMode":false,"pivot":{"x":0.43301981687545779,"y":0.13440775871276856,"z":-0.26078319549560549},"rotation":{"x":0.006200804840773344,"y":0.8635950684547424,"z":-0.5040358901023865,"w":0.010623735375702382},"size":1.2574667930603028,"orthographic":false}