{"cameraMode":{"drawMode":0,"name":"Shaded","section":"Shading Mode"},"sceneLighting":true,"audioPlay":false,"sceneViewState":{"showFog":true,"showMaterialUpdate":false,"showSkybox":true,"showFlares":true,"showImageEffects":true,"showParticleSystems":true},"in2DMode":false,"pivot":{"x":-0.6904200911521912,"y":1.101942777633667,"z":-1.2359269857406617},"rotation":{"x":-0.33981943130493166,"y":-0.14810696244239808,"z":0.05428321287035942,"w":-0.9271679520606995},"size":-0.35828953981399538,"orthographic":false}