{"cameraMode":{"drawMode":0,"name":"Shaded","section":"Shading Mode"},"sceneLighting":false,"audioPlay":false,"sceneViewState":{"showFog":true,"showMaterialUpdate":false,"showSkybox":false,"showFlares":true,"showImageEffects":true,"showParticleSystems":true},"in2DMode":false,"pivot":{"x":1.5882816314697266,"y":-0.5446666479110718,"z":-2.7354416847229006},"rotation":{"x":-0.6968101859092712,"y":0.026449423283338548,"z":-0.025729715824127198,"w":-0.7163057923316956},"size":133.30625915527345,"orthographic":false}